{"cameraMode":{"drawMode":0,"name":"Shaded","section":"Shading Mode"},"sceneLighting":true,"audioPlay":false,"sceneViewState":{"showFog":true,"showMaterialUpdate":false,"showSkybox":true,"showFlares":true,"showImageEffects":true,"showParticleSystems":true},"in2DMode":false,"pivot":{"x":0.685791015625,"y":-0.955078125,"z":1.5271875858306885},"rotation":{"x":-0.179937943816185,"y":-0.3992345333099365,"z":0.08022639155387879,"w":-0.895433247089386},"size":44.35603332519531,"orthographic":true}